<?xml version="1.0" encoding="UTF-8"?>
<beans xmlns="http://www.springframework.org/schema/beans"
	xmlns:xsi="http://www.w3.org/2001/XMLSchema-instance"
	xmlns:context="http://www.springframework.org/schema/context"
	xmlns:tx="http://www.springframework.org/schema/tx"
	xsi:schemaLocation="http://www.springframework.org/schema/beans http://www.springframework.org/schema/beans/spring-beans.xsd
		http://www.springframework.org/schema/context http://www.springframework.org/schema/context/spring-context.xsd
		http://www.springframework.org/schema/tx http://www.springframework.org/schema/tx/spring-tx-4.3.xsd">


	<!-- Loading the annotated classes or beans -->
	<context:component-scan base-package="com.lti" />
	
	
	<!-- DataSource Configuration -->
	<bean id="oracleDataSource" class="oracle.jdbc.pool.OracleDataSource">
    <property name="dataSourceName" value="ds"/>
    <property name="URL" value="jdbc:oracle:thin:@localhost:1521:xe"/>
    <property name="user" value="hr"/>
    <property name="password" value="hr"/>
</bean>

	<!-- Settings for configuring JPA's EntityManagerFactory in Spring -->
	<!--  Its possible to drop persistence.xml when we are using Spring+JPA
			by doing all the ORM settings within this bean itself -->
	<!-- configuration taken from ==> https://www.baeldung.com/the-persistence-layer-with-spring-and-jpa -->
	<bean id="myEmf"
     class="org.springframework.orm.jpa.LocalContainerEntityManagerFactoryBean">
       <property name="dataSource" ref="oracleDataSource" /> <!-- ref is the bean id of DataSource -->
   </bean>
   
   <!-- Settings for enabling support for transactions -->
<bean id="transactionManager"
     class="org.springframework.orm.jpa.JpaTransactionManager">
       <property name="entityManagerFactory" ref="myEmf" />
   </bean>
   <tx:annotation-driven />
 

   
   
</beans>